<?xml version="1.0" encoding="utf-8"?>
<resources>
    <color name="purple_200">#FFBB86FC</color>
    <color name="purple_500">#FF6200EE</color>
    <color name="purple_700">#FF3700B3</color>
    <color name="teal_200">#FF03DAC5</color>
    <color name="teal_700">#FF018786</color>
    <color name="black">#FF000000</color>
    <color name="white">#FFFFFFFF</color>
    <color name="grey">#808080</color>
    <color name="colorPrimary">#455cde</color>
    <color name="colorLightBlue">#2196F3</color>
    <color name="colorPrimaryDark">#000d3d</color>
    <color name="colorAccent">#c2bdbf</color>
    <color name="colorBlack">#000000</color>
    <color name="colorWhite">#ffffff</color>
    <color name="colorRed">#F61504</color>
</resources>